ID_CLASSIFICACAO;CLASSIFICACAO_NOME
1;Situação do domicílio
10;Tipo de agricultor
1000;Localização do(s) macromedidor(es)
1007;Motivo da paralisação
1009;Existência e tipo de instrumento de delegação do serviço
101;Nos últimos 30 dias, em quantos dias o escolar faltou às aulas sem permissão dos seus pais ou responsáveis
1013;Existência e tipo de órgão regulador do serviço
1014;Existência de racionamento nos últimos 3 anos
1019;Classes de percentual das pessoas em ordem crescente de rendimento domiciliar per capita
1020;Meses do ano
1031;Tipo de área geográfica
1032;Posse ou acesso a bens ou serviços
1035;Recebimento de rendimento de programa social e tipo de programa social
1042;Classes acumuladas de percentual das pessoas em ordem crescente de rendimento domiciliar per capita
1043;Classes de percentual em ordem crescente de rendimento habitualmente recebido
1045;Classes acumuladas de percentual das pessoas em ordem crescente de rendimento habitualmente recebido
1046;Classes de percentual das pessoas em ordem crescente de rendimento efetivamente recebido
1047;Classes acumuladas de percentual em ordem crescente de rendimento efetivamente recebido
1048;Caracterização do órgão gestor
1049;Frequência com que receberam a visita de Agente Comunitário em Saúde (ACS) ou membro da Equipe de Saúde da Família (ESF)
1051;Sexo do titular do órgão gestor
1054;Idade do titular do órgão gestor
1056;Fonte de pagamento do plano de saúde
1057;Cobertura de procedimentos
1059;Cor ou raça do titular do órgão gestor
1060;Nível de instrução do titular do órgão gestor
1063;Articulação do plano com Plano Diretor
1068;Realização de Conferência Municipal nos últimos 4 anos
1070;Existência de capacitação para membros do conselho
1071;Caracterização do Fundo Municipal
1073;Existência de cadastro ou levantamento de famílias interessadas em programas habitacionais
1074;Existência de favelas, mocambos, palafitas ou assemelhados, com cortiços, casas de cômodos ou cabeças de porco, com loteamentos irregulares e/ou clandestinos, com ocupações de terrenos ou prédios por movimentos de moradia
1075;Existência de programas ou ações realizados pela prefeitura, nos dois anos anteriores ao de referência da pesquisa
1076;Existência de algum programa que conceda o benefício do aluguel social
1077;Principal prática integrativa
1078;Frequência com que receberam a visita de agente de endemia
1079;Aspectos do Plano Municipal de Transporte
1080;Pertencimento a Terra de Indígena (TI) versus Agricultura Familiar
1086;Existência de serviços regulares de transporte no município e tipo de transporte
1087;Existência de transporte coletivo por ônibus intramunicipal
1088;Existência de isenção formal da tarifa do ônibus intramunicipal
1090;Existência de adaptação da frota de ônibus para pessoas com deficiência ou mobilidade reduzida e tipo de adaptação
1091;Existência de transporte coletivo por ônibus intermunicipal e características do serviço
1094;Existência de ciclovias e bicicletários
11;Grau de especialização do estabelecimento
1100;Posse de plano de saúde médico
1102;Diagnóstico de hipertensão arterial
1103;Diagnóstico de diabetes
11045;Grupo de produtos
11046;Tipos de índice
1105;Diagnóstico de doença do coração
11065;Divisão de comércio
11066;Divisão de comércio e grupo de atividade
11067;Faixas de receita total (em R$ 1.000,00)
11068;Grandes regiões
11069;Unidade da federação das empresas
11070;Divisão de comércio, grupo e classe de atividade
1108;Diagnóstico de asma
1117;Diagnóstico de depressão
11177;Motivo de não frequentar a escola ou creche
1118;Diagnóstico de doença crônica no pulmão
1119;Frequência de consultas médicas nos últimos 12 meses anteriores à pesquisa
1122;Utilização de aparelhos eletrônicos com nicotina líquida ou folha de tabaco picado
11227;Nível de governo
1123;Legalidade da marca do cigarro
1124;Tipo de patrimônio
1125;Local da última consulta odontológica
11255;Setores e subsetores
11275;Classes de tamanho da população
11277;Situação e localização da área
11278;Grupos de capacidade útil
11284;Condição de ocupação
11285;Condição de ocupação do terreno
11302;Curso mais elevado que frequentou
11308;Tipo de rendimento
11322;Curso que frequentavam
11333;Indicativo de residência na sede municipal
11339;Tipo do setor
1138;Acesso gratuito à internet em locais públicos
11381;Área do emprego
1139;Existência de programa ou ação para disponibilizar maquinário aos produtores agropecuários
1140;Existência de promoção ou apoio a atividades agropecuárias e desenvolvimento de programa ou ação de prevenção contra problemas climáticos
1141;Existência de órgão público que atue na assistência técnica e/ou extensão rural
1142;Utilização da Internet (indicador ampliado) no período de referência dos últimos três meses
1143;Existência de convênio com instituições que prestam apoio às atividades agropecuárias
1144;Existência de programa ou ação social, tipo de programa e área de atuação
1145;Existência de entidades de associativismo ou representação de produtores agropecuários com registro oficial
11456;Existência e forma de cobrança do serviço de esgotamento sanitário
1146;Existência de entidades de associativismo ou representação de produtores agropecuários em atuação
11460;Função da entidade
11461;Situação da coleta seletiva no município
11464;Forma de cobrança do serviço de limpeza urbana e coleta de lixo
11468;Área de abrangência da coleta seletiva
1147;Existência de infraestrutura de comercialização e exposição de produtos agropecuários
11478;Forma de atuação da entidade
1148;Existência de programa ou ação para aquisição de produtos agropecuários
115;Fumou cigarro alguma vez na vida, mesmo uma ou duas tragadas
1150;Existência de programa ou ação para vacinação de rebanho
1151;Existência de Serviço de Inspeção Municipal (SIM) para controlar a qualidade dos produtos de origem animal
1152;Existência de abatedouro municipal
11531;Procedência do couro
11532;Método de curtimento
1154;Existência de algum programa ou ação de apoio a atividade de extração vegetal
11550;Concentração de flúor na água
11557;Tipo do domicílio
11558;Tipo de esgotamento sanitário
11559;Condição de aquisição do domicílio
11561;Sexo da pessoa responsável pelo domicílio
11562;Grupos de idade da pessoa responsável pelo domicílio
11563;Alfabetização da pessoa responsável pelo domicílio
11564;Anos de estudo da pessoa responsável pelo domicílio
11565;Classes de rendimento nominal mensal da pessoa responsável pelo domicílio
11567;Grupos de anos de estudo da pessoa responsável pelo domicílio
1157;Tipo de exame
11570;Classes de rendimento nominal mensal
11571;Tipo de atividade
11572;Tipo de consumo
11573;Tipo de gasto
11574;Grupos de pessoal ocupado
11575;Tipo de serviço de alojamento
11576;Tipo de serviço de alimentação
11577;Relação com a pessoa responsável pelo domicílio
1158;Realização do exame
1159;Existência de capacitação promovida pelo governo federal na área de meio ambiente nos últimos 4 anos e área temática
116;Condição na família
11603;Condição no domicílio
1162;Tipo de atendimento
1164;Representação do Conselho Municipal
11645;Condição do estrangeiro
1165;Caráter do Conselho Municipal
11651;Tipo de área
1166;Existência de recursos financeiros próprios para a área de meio ambiente
1169;Existência de legislação ou instrumento de gestão ambiental e tipo de legislação
117;Idade quando experimentou cigarro pela 1ª vez
1170;Ano de criação da legislação ou instrumento de gestão ambiental
1173;Existência de Plano de Gestão Integrada de Resíduos Sólidos
1174;Existência de programas ambientais implementados em parceria com o Governo Federal e tipo de programa
11773;Seções e Divisões
1178;Fonte dos recursos nos últimos 12 meses
11797;Rede de ensino
11798;Nível de ensino ou curso que frequentavam
11799;Grandes Regiões de residência em 31/07/1995
118;Número de dias em que fumou cigarros nos últimos 30 dias
1180;Tipos de serviços ambientais pagos
11801;Indicativo de filhos
11802;Tipo de nascimento
11803;Grupos de horas habitualmente trabalhadas por semana em todos os trabalhos
11804;Classes de rendimento nominal mensal do trabalho principal
11805;Seção de atividade do trabalho principal
11806;Posição na ocupação, subgrupo e categoria do emprego
11807;Sexo da pessoa responsável pela família
1182;Ocorrência de algum impacto ambiental e/ou processo/ação que resulte em impacto no ambiente
11855;Existência de serviços e bens duráveis
11861;Existência de banheiro ou sanitário e tipo de esgotamento sanitário
1187;Ano da seca de maior impacto
1188;Ocorrências no ano da seca de maior impacto
11913;Posição na ocupação e categoria do emprego no trabalho principal
11915;Classes de rendimento nominal mensal de todos os trabalhos
1192;Ações para evitar ou minimizar os danos causados pela seca
11939;Classificação Nacional de Atividades Econômicas (CNAE)
1195;Ocorrência de alagamento nos últimos 4 anos
1196;Ocorrência de processo erosivo nos últimos 4 anos
11969;Tipo de serviço de saneamento básico
1197;Frequência com que usou camisinha
11970;Principal solução alternativa
11971;Tipo de captação de água
11972;Existência e forma de proteção na captação
11973;Natureza jurídica das entidades prestadoras de serviço
11974;Existência e tipo de tratamento da água
11975;Existência e tipo de análise realizada na água
11977;Tipo e frequência da análise
11978;Destino do lodo gerado
11979;Existência e motivo do racionamento
11980;Periodicidade do racionamento de água
11981;Realização de vigilância da qualidade da água
11982;Cobrança pelo serviço de abastecimento de água
11983;Esfera administrativa das entidades prestadoras de serviço
11984;Faixa de volume de consumo de água
11985;Tipo de controle de perdas de água
11987;Percentual de perdas faturadas
11988;Existência e localização de macromedidores
11989;Existência de flúor na água distribuída
1199;Motivo de não ter usado camisinha
11990;Tipo de composto utilizado
11991;Tempo de existência da fluoretação
11993;Existência e tempo de interrupção da fluoretação
11994;Existência e localização de pontos de controle ou monitoramento da fluoretação
11995;Frequência da análise da concentração de fluor
11996;Parte do sistema onde estâo sendo feitas as ampliações ou melhorias
11997;Alocação do pessoal
11998;Existência de serviço de atendimento ao público
12;Grau de integração com o mercado
120;Nos últimos 7 dias, em quantos outras pessoas fumaram na casa do escolar
12001;Existência e tipo de poluição ou contaminação na captação
12005;Tipo de rede coletora de esgoto sanitário
12006;Tipo de corpos receptores de esgoto sanitário
12007;Tipo de sistema de tratamento de esgoto sanitário
12008;Existência e tipo de tratamento complementar
12009;Existência e tipo de tratamento do lodo
12010;Existência e número de interceptores
12011;Tipo de uso dos corpos receptores
12012;Existência e cobrança do serviço de coleta
12013;Percentual da tarifa cobrada
12014;Parte do sistema de esgotamento sanitário onde estão sendo feitas ampliações ou melhorias
12015;Existência e tipo de serviço de atendimento ao público
12017;Naturalidade em relação ao município e à unidade da federação
12019;Unidade da federação de residência
12021;Classes de rendimento mensal
12023;Aposentadas e/ou pensionistas
12025;Classes de rendimento mensal de todos os trabalhos
12027;Contribuição para instituto de previdência em qualquer trabalho
12028;Atividade do trabalho principal
12029;Posição na ocupação no trabalho principal
12031;Número de trabalhos
12032;Associação a sindicatos
12033;Contribuição para previdência privada
12034;Grupos de idade com que começaram a trabalhar
12035;Indicativo de rendimento
12037;Posição na ocupação no trabalho secundário
12038;Contribuição para instituto de previdência
12039;Ramo de atividade do trabalho principal
12040;Contribuição para instituto de previdência no trabalho principal
12041;Local de estabelecimento do trabalho principal
12043;Tempo de permanência no trabalho principal
12044;Classes de rendimento mensal do trabalho principal
12045;Grupos de horas habitualmente trabalhadas por semana no trabalho principal
12046;Categoria do emprego
12047;Grupos de ocupação do trabalho principal
12048;Número de pessoas ocupadas no trabalho principal
12049;Condição de atividade e de ocupação na semana de referência
12051;Período de referência
12052;Tipo de sindicato
12053;Ramo de atividade do trabalho principal no período de referência de 365 dias
12055;Indicativo e número de filhos nascidos vivos
12056;Condição de atividade na semana de referência
12057;Classes de rendimento mensal familiar
12058;Classes de rendimento mensal domiciliar
12059;Classes de rendimento mensal de todas as fontes da pessoa de referência da família
12060;Alguns bens duráveis existentes no domicílio
12061;Banheiro ou sanitário
12062;Existência de telefone
12063;Deslocamento para trabalho ou estudo
12064;Grandes grupos de ocupação no trabalho principal
12065;Classes de rendimento nominal mensal domiciliar
12066;Classes simples de percentual em ordem crescente de rendimento
12067;Classes acumuladas de percentual em ordem crescente de rendimento
12069;Tipos de nascimento
12071;Posição na ocupação no trabalho principal na semana de referência
12072;Grupamento de atividade do trabalho principal
12075;Indicador de situação habitacional
12081;Frequência à creche ou escola
12082;Indicativo de deficiência física
12083;Frequência à escola, rede de ensino que frequentavam e tempo de permanência diário na escola
12085;Situação de ocupação na semana de referência
12086;Sexo da pessoa de referência da família
12087;Rede de ensino que frequentavam
12088;Número de componentes da família
12089;Tempo de permanência na escola
12090;Principal motivo de não frequentarem escola
12091;Condição de remuneração no trabalho principal
12092;Condição de satisfação com o trabalho principal
12093;Utilização de máquina, ferramenta, instrumento ou produto químico no trabalho principal
12094;Frequência à escola e rede de ensino que frequentavam
12096;Condição de ocupação na semana de referência
121;Qual dos pais ou responsáveis pelo escolar fuma
1210;Ano do desastre natural de maior impacto para o município
12101;Situação do domicílio de residência em 31/07/1995
12102;Lugar de residência em 31.07.1995
12103;Grupos de horas trabalhadas por semana em todos os trabalhos
12104;Forma de abastecimento de água e tipo de canalização
12105;Grupos de pessoas no empreendimento
12107;Lugar de residência em 31/07/1995
12108;Lugar de residência em 31 de julho de 1995
1211;Existência de edificações atingidas no ano do desastre natural de maior impacto para o município
12116;Instrumento financeiro
1212;Existência de pessoas desalojadas ou desabrigadas no ano do desastre natural de maior impacto para o município
12121;Produtos ou serviços prestados
12122;Origem da carga
12123;Classes e gêneros de indústria
12124;Vínculo de secretaria ou setor
12125;Existência de legislação municipal que exige aprovação e implantação de sistema drenagem pluvial para loteamentos novos e/ou populares
12126;Tipo de instrumento regulador do serviço
12127;Percentual do orçamento destinado aos serviços
12128;Tipo de rede de drenagem
1213;Ocorrência de óbitos no ano do desastre natural de maior impacto para o município
12130;Pontos de lançamento do efluente
12131;Número de bacias
12132;Existência de assoreamento da rede de drenagem
12133;Utilização das informações
12134;Tipo de atividade desenvolvida na manutenção
12135;Pontos de estrangulamento que resultam em inundações
12136;Fatores agravantes
12137;Fatores agravantes da erosão
12138;Tipo de erosão
12139;Tipo de situação das encostas
1214;Área(s) onde ocorreram as enchentes ou inundações graduais
12140;Tipo de área de risco no perímetro urbano
12141;Tipo de sistema de drenagem urbana
12142;Percentual de ruas pavimentadas
12143;Percentual de ruas pavimentadas sem drenagem
12144;Percentual de ruas pavimentadas com drenagem subterrâneo
12145;Percentual de ruas pavimentadas com drenagem superficial
1215;Existência de intervenções para evitar ou minimizar os danos causados por enchentes ou inundações graduais
12166;Grupamentos de atividade do trabalho principal
12167;Grupamentos ocupacionais no trabalho principal
12171;Forma de execução dos serviços
12174;Subsetores industriais
12176;Seções e atividades industriais
12182;Percentual de domicílios com lixo coletado
12183;Percentual do orçamento gasto com pessoal ocupado nos serviços
12184;Controle da disposição do lixo industrial
12186;Frequência da coleta de resíduos sólidos
12187;Tipo de serviço de coleta de resíduos sólidos
12188;Forma de execução de varrição e/ou capina
12189;Grupos de despesa
12190;Tipos de despesa
12191;Classes de rendimento monetário e não monetário mensal familiar
12192;Avaliação do grau de dificuldade para chegar ao fim do mês com rendimento monetário familiar
12193;Avaliação da quantidade de alimento consumido pela família
12194;Avaliação do tipo de alimento consumido pela família
12195;Motivo do não consumo
12196;Avaliação da condição de moradia em relação a alguns serviços
12197;Existência de problemas no domicílio
12198;Unidades de destinação final dos resíduos sólidos domiciliares e/ou públicos
12199;Unidade de destinação final do lixo coletado
122;Se quiser, o escolar consegue comprar cigarro na escola
12200;Forma de disposição no solo do município
12201;Existência e tipo de processamento dos resíduos sólidos de serviços de saúde sépticos
12202;Destinação dos resíduos sólidos industriais perigosos e/ou não-inertes
12203;Origem da receita
12206;Existência de área no município para a disposição final dos resíduos
12207;Propriedade das áreas utilizadas
12208;Localização de destino do lixo
12209;Existência de recebimento de lixo de outro município
12210;Existência de catadores nas unidades de destinação final do lixo
12211;Tipo de trabalho social desenvolvido com os catadores
12212;Existência de residências nas unidades de destinação final de lixo
12213;Motivo da interrupção da coleta seletiva
12215;Tipo de participação no projeto
12216;Tipo de material recolhido
12217;Destinação do material coletado
12218;Principal receptor da coleta seletiva
12220;Tipos de veículos e equipamentos
12221;Indicação do serviço executado
12223;Grupos de atividades
12224;Tipos de obras e/ou serviços
12225;Classes de atividades
12227;Níveis 50 e 100
12228;Existência de microcomputador, acesso à Internet e tipo de telefone
12229;Grau que frequentavam
12230;Unidades da Federação de residência em 31/07/1995
12232;Grupos de idade das mulheres
12233;Existência de iluminação pública no entorno
12234;Existência de identificação no entorno
12235;Existência de calçamento/pavimentação da rua no entorno
12236;Adequação da moradia
12237;Cor ou raça da pessoa responsável pelo domicílio
12238;Mulheres de 10 anos e mais de idade
12239;Situação do domicílio atual
12240;Grupos de idade da pessoa responsável pela família
12241;Anos de estudo da pessoa responsável pela família
12242;Classes de rendimento nominal mensal da pessoa responsável pela família
12243;Condição de atividade e seção de atividade da pessoa responsável pela família
12244;Condição de atividade e posição na ocupação da pessoa responsável pela família
12245;Classes de rendimento nominal mensal familiar per capita
12249;Classes de rendimento nominal mensal familiar
12250;Número de componentes da família e número dos que têm rendimentos
12251;Condição de atividade e condição de ocupação
12252;Cor ou raça da pessoa responsável pela família
12253;Cor ou raça do cônjuge da pessoa responsável pela família
12254;Número de filhos não economicamente ativos
12255;Classes de rendimento nominal mensal das pessoas responsáveis pelas famílias sem cônjuge ou dos casais
12256;Existência de cônjuge e da pessoa responsável e cônjuge com e sem rendimento
12257;Condição de convivência
12258;Avaliação do estado de saúde
12259;Restrição de atividades nas duas últimas semanas
1226;Tipo de violência
12260;Declaração e número de doenças crônicas declaradas
12262;Cobertura de plano de saúde
12265;Tipo de serviço normalmente procurado
12267;Classes de valor da mensalidade do plano de saúde principal
1227;Tipo de consequência para saúde
12272;Motivo principal da procura de atendimento de saúde
12273;Situação de atendimento na primeira ou na última procura
12274;Tipo de serviço onde foi atendido
12275;Realização e número de consultas médicas nos últimos 12 meses
12276;Atendimento através de plano de saúde
12277;Pagamento pelo atendimento
12278;Atendimento através do SUS
12279;Avaliação do atendimento
1228;Áreas onde ocorreram enxurradas ou inundações bruscas
12280;Situação de consulta ao dentista e época da última consulta realizada
12281;Situação de internação hospitalar nos últimos doze meses e o número de internações
12282;Número de internações
12285;Motivo do não atendimento
12288;Situação de realização de exame clínico das mamas
1229;Existência de intervenções implementadas para evitar ou minimizar os danos causados por enxurradas ou inundações bruscas
12291;Número de filhos tidos nascidos vivos
12293;Cor ou raça das mulheres
12295;Sexo dos filhos
12296;Pessoal ocupado, grupos e classes de atividades
12297;Frequência de utilização da internet
123;Se o escolar fumasse cigarros, qual seria a reação da família dele se ficasse sabendo
12302;Grupos de anos de estudo das mulheres
12303;Mulheres de 10 anos ou mais de idade que viviam ou já viveram em companhia de cônjuge ou companheiro que tiveram filhos
1233;Área(s) onde ocorreram escorregamentos ou deslizamentos de encostas
1234;Existência de intervenção para evitar ou minimizar os danos causados por escorregamentos ou deslizamentos de encostas
1235;Existência de instrumento de planejamento de gestão de riscos e desastres no município
12352;Formas de comercialização
12353;Participação na receita líquida de revenda
12354;Grandes regiões e unidades da federação de atuação das empresas
12355;Atividades de serviços
12356;Serviços prestados às famílias
12357;Serviços de informação
12358;Serviços prestados às empresas
12359;Transportes, serviços auxiliares aos transportes e correios
1236;Existência de medidas adotadas em relação à gestão de riscos de desastres decorrentes de enchentes ou inundações graduais, ou enxurradas ou inundações bruscas
12360;Atividades imobiliárias
12361;Serviços de manutenção e reparação
12362;Outras atividades de serviços
1237;Existência de limpeza periódica dos bueiros da cidade, especialmente, antes do período de chuvas
12375;Tempo de permanência diária na creche ou escola
12376;Oferta gratuita de merenda escolar ou outra refeição pela creche ou escola
12377;Consumo de merenda escolar ou outra refeição gratuita
1238;Existência de medidas adotadas em relação à gestão de riscos de desastres decorrentes de escorregamentos ou deslizamentos de encostas
12380;Recebimento de dinheiro de programa social do governo no mês de referência
12381;Classes de rendimento mensal domiciliar per capita
12383;Posição na ocupação, subgrupo e categoria do emprego e contribuição para instituto de previdência oficial no trabalho principal
12384;Classes simples de percentual em ordem crescente de rendimento familiar
12385;Classes acumuladas de percentual em ordem crescente de rendimento familiar
12386;Ano de fundação
12388;Tipo de empresa, quanto à diversificação
12389;Número de trabalhos na semana de referência
1239;Existência de instuições de apoio a gestão de riscos e de desastres
12390;Seção, divisão e classe de atividade do trabalho principal
12391;Posição na ocupação, subgrupo e categoria do emprego no trabalho principal
12392;Número de empregados no trabalho principal
12393;Condição de aposentado no mês de referência
12394;Grupos de ocupação (antiga classificação) no trabalho principal
12395;Setor de atividade (antiga classificação) do trabalho principal
12396;Subgrupo e categoria do emprego no trabalho principal
12397;Grandes grupos, subgrupos principais, subgrupos e grupos de base da ocupação no trabalho principal
124;Experimentou bebida alcoólica alguma vez na vida
12400;Nível educacional concluído
12401;Nível concluído
12402;Áreas gerais, específicas e detalhadas de formação
12403;Frequência à creche ou escola, nível de ensino e série que frequentavam
12404;Situação de segurança alimentar existente no domicílio
12405;Sexo da pessoa de referência do domicílio
12406;Tipo de insegurança alimentar
12407;Situação de ocupação no período de referência de 365 dias
12408;Anos de estudo da pessoa de referência do domicílio
1244;Existência de atividades de proteção de defesa civil promovidas pelo município
12440;Grupos e classes de atividade
12441;Condição dos produtores
12443;Espécie da pecuária
12444;Tipo de produção animal
12445;Tipo de produção vegetal
12446;Classe de tamanho da população do município
12447;Partido político do prefeito
12448;Indicativo se o prefeito exercia mandato no último ano da legislatura anterior
12449;Sexo do prefeito
1245;Local de atendimento médico
12450;Grupos de idade do prefeito
12451;Nível de instrução do prefeito
1246;Existência de alguma medida de isolamento social em virtude da pandemia da COVID-19 e de sistema de monitoramento
1248;Existência de barreiras sanitárias nas entradas dos municípios durante o período da pandemia da COVID-19
12482;Tipo de recurso hídrico
1249;Existência de medida para regulamentar sanções (multas, realização compulsória de exames etc.) em caso de desrespeito as normas de isolamento social
12494;Condição de economicamente ativa e de ocupada na semana de referência
12495;Condição de atividade na semana de referência da pessoa de referência da família
12496;Condição de atividade na semana de referência das pessoas de referência dos domicílios
12498;Classes de rendimento mensal familiar per capita
125;Tipo de domicílio
12504;Modalidade de oferta do curso
12507;Forma de obtenção do produto ou serviço
12508;Grupos de idade da pessoa de referência da família
12509;Posição na ocupação principal da pessoa de referência da família
1251;Frequência de violência
12510;Categoria socioprofissional principal da pessoa de referência da família
12511;Anos de estudo da pessoa de referência da família
12512;Existência de pessoa com nível superior na família
12513;Cor ou raça da pessoa de referência da família
12514;Religião da pessoa de referência da família
12515;Composição da família
12517;Grupos de atividade econômica
12518;Grupos de área cortada
12519;Produtos da floricultura
1252;Implementação de ações durante a pandemia da COVID-19
12520;Uso de irrigação
12521;Uso de agrotóxicos
12522;Uso de adubação
12523;Grupos de área colhida
12524;Tipo de colheita
12525;Principal mês da colheita
12526;Principal mês do plantio
12528;Produtos da agroindústria rural
12529;Tipo de inspeção
1253;Implementação de ações para assegurar a proteção social das famílias e indivíduos em situação de risco e/ou vulnerabilidade social
1254;Ocorrência de casos confirmados clinicamente ou laboratorialmente de COVID-19 no município
12541;Motivo da não obtenção do financiamento
12542;Agente financeiro responsável pelo financiamento
12543;Finalidade do financiamento
12544;Recursos provenientes de programas governamentais de crédito
12545;Tipo de bem
12546;Credor
12547;Tipo de produção
12548;Orientação técnica
12549;Uso de calcário e/ou outros corretivos do pH do solo
12550;Tipo de semente
12551;Classe de idade da pessoa que dirige o estabelecimento
12552;Nível de instrução da pessoa que dirige o estabelecimento
12553;Residência da pessoa que dirige o estabelecimento
12554;Existência de CNPJ
12556;Direção do estabelecimento
12557;Naturalidade ou nacionalidade da pessoa que dirige o estabelecimento
12559;Condição legal do produtor
1256;Necessidade de ampliação do número de leitos para atender à demanda por internação no município em virtude da COVID-19
12563;Tipo de eletrodoméstico utilizado
12564;Sexo do produtor
12566;Sexo da pessoa que dirige o estabelecimento (produtor ou administrador)
12567;Origem da orientação técnica recebida
12568;Tipo de prática agrícola
1257;Existência de hospital de campanha durante a pandemia de COVID-19
12570;Tipo de intermediador
12571;Finalidade do serviço contratado
12572;Classes de dias de utilização da mão-de-obra com intermediação de empreiteiro
12573;Classes de dias trabalhados
12576;Principais aspectos em relação ao pessoal ocupado
12577;Grupos de pessoas da família
12578;Tipo de pessoal ocupado
12579;Classes de diárias pagas
1258;Ocorrência de óbito dentre as pessoas que contraíram a COVID-19
12580;Meses de contratação
12581;Tipo de fonte de energia elétrica
12582;Local de uso da energia elétrica
12583;Tipo de força de tração animal e/ou mecânica
12584;Procedência da força animal e/ou mecânica
12585;Sistema de preparo do solo
12586;Produtos utilizados na adubação
12588;Local onde foi feita a adubação
1259;Rodízio na circulação de automóveis, motocicletas, ônibus ou outro transporte público ou privado no período da pandemia da COVID-19
12590;Uso de equipamento de proteção
12591;Pessoas intoxicadas
12592;Destino das embalagens
12594;Tipo de alternativa para controle de pragas e/ou doenças em vegetais
12595;Uso de agricultura orgânica
12596;Tipo de equipamento utilizado na aplicação do agrotóxico
12598;Associação do produtor à cooperativa e/ou à entidade de classe
126;Material das paredes
1260;Agressor da única ocorrência ou a mais grave
12601;Classes de dias de utilização de serviço de empreitada
12602;Fonte de água utilizada
12603;Grupos de área de lavoura
12604;Método utilizado para irrigação
12605;Potência dos tratores
12606;Tipo de máquina e implemento agrícola
12607;Tipo de meio de transporte
12609;Tempo em que o produtor dirige o estabelecimento
1261;Local da única ocorrência ou a mais grave
12610;Tipo de depósito e/ou silo
12612;Tipo de combustível consumido
12614;Condição dos empregados
12617;Pronafiano
1262;Frequência do manuseio
12625;Grupos de área de pastagem
12626;Movimento pecuário de bovinos no ano
12627;Composição do efetivo de bovinos nos estabelecimentos agropecuários com mais de 50 cabeças em 31/12
12628;Local onde ocorreu o tratamento de esterco dos animais
1263;Meio de transporte no acidente mais grave
1264;Classes das atividades industriais e produtos - Prodlist 2016, Prodlist 2019 e Prodlist 2022
12644;Movimento pecuário de bovinos nos estabelecimentos agropecuários com mais de 50 cabeças em 31/12
12645;Movimento pecuário de bovinos vendidos nos estabelecimentos agropecuários com mais de 50 cabeças em 31/12
12646;Tipos de insumos pagos pelo integrador
12649;Grupos de cabeças de suínos
1265;Tempo de deslocamento por dia
12650;Plantel de suínos
12651;Movimento do rebanho suíno no ano
12653;Grupos de cabeças de galinhas, galos, frangos, frangas e pintos
12654;Movimento de aves no ano
12655;Composição das aves em 31/12
12657;Movimento de outras aves no ano
12658;Espécies de outras aves
1266;Frequência que trabalhava por 24 horas seguidas
12664;Principal motivo de não ter comparecido à creche ou escola
12665;Classificação das entidades sem fins lucrativos
12666;Tipo de entidade sem fins lucrativos
1267;Exposição a algum fator que poderia afetar a sua saúde
12674;Tipo de programa social do governo
12676;Recebimento de dinheiro de programa social do governo no mês de referência e tipo de programa social do governo
12677;Características existentes nos domicílios
12678;Tipo de substância destruidora da camada de ozônio
12679;Tipo de poluente
1268;Com quem podia contar em momentos bons ou ruins
12680;Local do foco de calor
12681;Tipo de vacina
12682;Categorias de doenças
12683;Fontes de energia
12684;Usina nuclear
12685;Setores de aplicação dos investimentos nacionais em Pesquisa e Desenvolvimento - P&D
12686;Tipo de uso
12687;Armazéns e silos para produtos a granel
1269;Frequência a reuniões de grupo nos últimos 12 meses
127;Material da cobertura
1270;Atividade em grupo
1271;Frequência a reuniões com outras pessoas para prática de atividades esportivas, exercícios físicos, recreativos ou artísticos, nos últimos 12 meses
12716;Referência temporal
12719;Suplementação alimentar e rastreamento de animais
1272;Frequência a atividades coletivas de sua ou de outra religião, nos últimos 12 meses
12720;Movimento de equinos no ano
12721;Movimento de asininos no ano
12722;Grupos de cabeças de equinos
12723;Grupos de cabeças de asininos
12724;Grupos de cabeças de muares
12725;Movimento de muares no ano
12726;Grupos de cabeças de bubalinos
12727;Movimento de bubalinos no ano
12728;Grupos de cabeças de caprinos
12729;Movimento de caprinos no ano
12731;Movimento de coelhos no ano
12732;Grupos de cabeças de ovinos
12733;Movimento de ovinos no ano
12734;Movimento de ovos de galinhas no ano nos estabelecimentos com mais de 2.000 cabeças em 31/12
12735;Movimento da apicultura no ano
12736;Movimento da aquicultura no ano
12737;Grupos de área de espellho d'água
12738;Ambiente de criação
12739;Espécie criada na aquicultura
1274;Segmentos de serviços
12740;Movimento da ranicultura no ano
1276;Existência de infraestrutura para o funcionamento do conselho
12760;Nível de ensino, duração do ensino fundamental e série que frequentavam
12761;Duração do ensino fundamental e série que frequentavam
12762;Classificação Nacional de Atividades Econômicas (CNAE 2.0)
12763;Destino da produção consumida ou estocada
12764;Destino da produção vendida ou entregue a terceiros
12768;Tempo transcorrido entre as datas do casamento e da lavratura da escritura
12769;Tipo de produção animal integrada à indústria
1277;Existência de reuniões do conselho nos últimos 12 meses
12771;Classe de idade do produtor
12772;Nível de instrução do produtor
12773;Produtor com atividade econômica fora do estabelecimento agropecuário
12774;Forma de obtenção das terras
12775;Grupos de anos de direção dos trabalhos nos estabelecimentos agropecuários
12776;Membro da família com atividade econômica fora do estabelecimento agropecuário
12777;Tipo de utilização das terras
12778;Espécie animal da pecuária
1278;Aspectos do Plano Municipal de Habitação
128;Idade quando experimentou bebida alcoólica pela 1ª vez
1280;Conhecimento da Língua Brasileira de Sinais - Libras
1281;Grau de dificuldade para ouvir
1282;Tipo de aparelho de auxílio
12826;Atividades econômicas
1283;Tipo de deficiência
1284;Tipo de alimento ingerido desde o dia anterior ao dia da entrevista até a manhã do dia da entrevista
1286;Procedimento realizado nas consultas de pré-natal
1287;Tipo de exame realizado durante o pré-natal
12894;Classes de valor da produção
12896;Agricultura familiar
12897;Tipo de gás
12898;Setores de emissão de gases
12899;Tipo de nutriente
12900;Classes de uso e principais ingredientes ativos
12901;Classes toxicológicas
12902;Tipo de lavoura
1291;Ter mulher grávida
12917;Classes de vulnerabilidade climática à desertificação
12918;Modalidade
12919;Grupos taxonômicos
1292;Desejabilidade de ter o filho(a) da gravidez mais recente
12920;Categorias de risco
12921;Habitats
12923;Tipo de uso e categoria de manejo da unidade de conservação
12924;Classes da fauna silvestre
12926;Apéndices da CITES
12927;Espécies da fauna brasileira incluídas na CITES
12928;Espécies da flora brasileira incluídas na CITES
12930;Danos causados ao meio ambiente e/ou ao homem
12931;Hábito ou forma de vida
12932;Local de origem
12933;Tipo de destinação final do lixo
12934;Tipo de abastecimento de água
12935;Critérios de adequação
12936;Substâncias minerais
12937;Atividades industriais
12938;Depósitos intermediários dos Institutos da Comissão Nacional de Energia Nuclear
12940;Tipo de depósito de subprodutos industriais e rejeitos radioativos
12941;Área de atividade
12942;Modalidade do curso
12947;Tipo de agricultura
12954;Tipo de leite
12961;Existência de catadores nas unidades de disposição de resíduos no solo
12962;Área do setor de saneamento
12963;Tipo de doença
12965;Forma de execução do serviço
12966;Tipo de instrumento legal regulador
12967;Existência de legislação municipal sobre proteção de mananciais
12968;Existência de legislação municipal que exige a aprovação de sistema de abastecimento de água para loteamentos novos
12969;Característica do órgão municipal gestor
12970;Existência de legislação municipal que exige aprovação e implantação de sistema de esgotamento sanitário para loteamentos novos
12972;Existência de legislação municipal que exige a aprovação de sistema de manejo de águas pluviais para loteamentos novos
12973;Existência de legislação municipal que prevê mecanismo de controle das águas pluviais efluentes de novos loteamentos
12974;Existência de legislação municipal que prevê mecanismo de preservação das áreas de recarga de águas subterrânes
12975;Existência e forma de cobrança dos serviços especiais ou eventuais
12976;Tipo de resíduo
12977;Existência de catadores na zona urbana
12978;Existência e número de cooperativas ou associações de catadores
12979;Forma de participação de catadores
12983;Existência e forma de cobrança pelo serviço
130;Nos últimos 30 dias, nos dias em que o escolar tomou alguma bebida alcólica, quantos copos ou doses tomou po dia
131;Na vida do escolar, quantas vezes ele bebeu tanto que ficou realmente bêbado
1311;Ocorrência de internação de pessoas em virtude da COVID-19
1312;Produtos energéticos da biomassa
132;Densidade de moradores por dormitório
1324;Existência de estrutura organizacional nas áreas de habitação, transporte, agropecuária e meio ambiente
1325;Aspectos da Conferência Municipal
1328;Existência de Conselho Municipal
1329;Existência de Plano Municipal
133;Religião
1331;Existência de Fundo Municipal
1332;Tipo de produto
1333;Forma de acesso
1334;Existência de programa ou ação para estímulo às atividade agropecuárias
134;Tipo de deficiência permanente
1340;Fonte de emissão de gases de efeito estufa
1341;Item de gasto
1346;Ocorrência de seca nos últimos 4 anos
1347;Plano de Contingência e/ou Prevenção para a seca
1348;Instalação de tendas de triagem para o combate a COVID-19
1349;Ocorrência de internações acima da capacidade de leitos e de UTI públicos ou privados conveniados ao SUS
135;Grau e série que frequentavam
1350;Situação de informalidade
1351;Tipo de roubo
1353;Tipo de furto
1354;Local de ocorrência do furto
1355;Procura de polícia ou guarda municipal
1356;Tipo de polícia ou guarda municipal
1357;Registro de ocorrência na polícia
1359;Motivo de não procurar a polícia ou guarda municipal
136;Grau do curso completo mais elevado
1360;Local de ocorrência do roubo
1361;Uso de arma
1362;Tipo de arma
1363;Pertencimento a Unidade de Conservação (UC) versus Agricultura Familiar
137;Tipo de material das paredes externas
1371;Existência de dispositivo ou funcionário para segurança
1373;Tipo de dispositivo ou funcionário para segurança
1374;Grande Região e Unidade da Federação de origem
1377;Vitimização de furto fora do domicílio
1378;Grande Região e Unidade da Federação de destino
138;Tipo de material da cobertura
1380;Sensação de segurança em um local
1383;Sensação de segurança ao andar sozinho(a) nas redondezas ou arredores do domicílio
1384;Vitimização de roubo
1385;Existência no domicílio de morador vítima de furto ou roubo
1386;Existência de furto ou roubo do domicílio
1387;Sensação de segurança no domicílio
1388;Existência e avaliação dos serviços nos arredores do domicílio
139;Espécie de família
1391;Existência de incivilidade nos arredores do domicílio
1392;Existência de violência ou crime ocorrido nos arredores do domicílio
1393;Meio de informação sobre crimes na cidade em que reside
1394;Nível de confiança nas pessoas
14;Características do entorno
140;Número de pessoas
1400;Nível de confiança nas instituições
1402;Percepção do risco de vitimização
1403;Evitação de atividade ou situação por motivo de segurança
1405;Trimestres do ano
1406;Tipo de incivilidade
1407;Tipo de serviço
141;Grupos de renda dos estabelecimentos agropecuários
1410;Tipo de violência ou crime
1411;Tipo de vitimização
1412;Tipo de local
1413;Período do dia
1414;Grupo de pessoas
1416;Tipo de instituição
1417;Atividade ou situação que pode ser evitada por motivo de segurança
1419;Cor ou raça do prefeito
142;Número de empregados permanentes
1425;Disposição final
1427;Relação de parentesco da pessoa responsável pelos cuidados de saúde da criança
143;Densidade de moradores por cômodo
1437;Nível de instrução da pessoa responsável pelos cuidados de saúde da criança
144;Classes de rendimento nominal médio mensal domiciliar
145;Se o escolar chegasse em casa bêbado, qual seria a reação da família dele se ficasse sabendo
1468;Nota atribuída ao serviço de saúde pela pessoa responsável pelos cuidados de saúde da criança
147;Alguma vez o escolar já usou alguma droga, tais como: maconha, cocaína, crack, cola, loló, lança perfume, ecstasy ou outra
1472;Principal motivo da nota atribuída ao serviço de saúde pela pessoa responsável pelos cuidados de saúde da criança
1475;Última consulta médica realizada
1476;Principal motivo da útima consulta médica
1480;Existência de Plano Diretor
1483;Ano de criação da legislação
1484;Existência de estrutura organizacional nas áreas de educação, cultura, esporte e saúde
1485;Primeiro atendimento da criança por esse médico
1486;Área de formação do titular do órgão gestor da área de educação
1488;Temas prioritários para os quais o órgão gestor da educação esteja adotando medidas ou ações
1489;Adoção de medidas de combate a discriminação pelo órgão gestor da educação
149;Nos últimos 30 dias,quantas vezes usou drogas tais como: maconha, cocaína, crack, cola, loló, lança perfume, ecstasy ou outra
1490;Existência de projetos no órgão gestor da educação
1493;Instituição de Fórum Permanente de Educação
1494;Existência de Plano de Carreira para o Magistério
1495;Critérios de progressão/promoção/ascensão utilizados no plano
1496;Existência de previsão expressa do limite de 2/3 (dois terços) da carga horária para o desempenho das atividades de interação com os educandos na lei do plano
1498;Existência de Plano de Carreira vigente para os(as) profissionais da educação não docentes
1499;Ecossistema relacionado à água
1500;Tipo de dinâmica do ecossistema relacionada à agua
1501;Tipo de Movimentação
1502;Existência de dirigentes de cor ou raça preta ou parda (produtor ou cônjuge) versus agricultura familiar
1503;Existência de dirigentes de cor ou raça indígena (produtor ou cônjuge) versus agricultura familiar
1504;Existência de Conselho Municipal na área de educação
1506;Quantidade de dificuldades funcionais
1509;Tipos de dificuldades funcionais
1510;Situação do Conselho Municipal
1511;Existência de Conselho Municipal nas áreas de cultura, esporte e saúde
1514;Composição do Conselho Municipal de Educação
1516;Função do gestor da educação no Conselho Municipal de Educação
1518;Existência de lei municipal que estabelece a criação de conselhos escolares
1519;Responsabilidade da ordenação de despesas da educação
152;O escolar já teve relação sexual alguma vez
1521;Formas de nomeação dos(as) Diretores(as) das escolas da rede municipal de ensino
1523;Levantamento de demanda da população em idade escolar que não esteja sendo atendida
1524;Existência de mecanismos de consulta pública da demanda das famílias por creches
1525;Existência de creche de responsabilidade do poder público municipal
1526;Quantidade de creches municipais
1528;Realização de Conferência Municipal de Cultura nos últimos 4 anos
1529;Existência de Plano Municipal de Cultura
153;Idade quando teve relação sexual pela 1ª vez
1530;Participação da sociedade civil na elaboração do plano
1532;Primeiro e último ano de vigência do plano
1533;Esferas da Unidade de Conservação
1534;Existência de metas no Plano Municipal de Cultura
1535;Existência de legislação municipal de proteção ao patrimônio cultural e previsão de tombamento
1536;Existência de Fundo Municipal de cultura e saúde
1538;Gestão do Fundo Municipal de Cultura
1539;Recursos orçamentários e de outras fontes destinados aos programas culturais
154;Classes de rendimento real médio mensal domiciliar
1540;Existência de apoio a atividades culturais nos últimos 12 meses
1541;Atividades culturais
1542;Desenvolvimento de programa ou ação para implantação e reforma de equipamentos culturais nos últimos 12 meses
1543;Tipos de mídias
1545;Número de canais de TV aberta captados no município
1546;Equipamentos culturais
1547;Quantidade do equipamento cultural
1548;Existência de pontos de cultura
1549;Percentual de execução do orçamento previsto para a cultura no ano anterior ao da pesquisa
155;Na vida do escolar, com quantas pessoas ele já teve relação sexual
1550;Distribuição dos recursos da Lei Aldir Blanc
1552;Percentual de utilização de recurso da Lei Aldir Blanc
1553;Divulgação da Lei Aldir Blanc ao público alvo e suas formas
1556;Cadastro dos proponentes para receber os recursos da Lei Aldir Blanc e suas formas
1558;Existência de critérios sociais de priorização na distribuição dos recursos da lei
156;Nos últimos 12 meses, o escolar teve relações sexuais
1561;Distribuição dos recursos da lei para grupos/atividades culturais
1562;Existência de dificuldades para distribuir os recursos da Lei Aldir Blanc ou razões para não distribuição
1563;Instituição de Sistema Municipal de Esporte
1564;Organismos que integram o SME
1567;Regulamentação da área de esporte por meio de instrumento legal
1568;Nível de instrução
1569;Execução de ações, projetos e programas na área de esporte nos últimos 24 meses
1570;Execução de ações, projetos e programas permanentes de inclusão social através do esporte nos últimos 24 meses
1571;Realização de eventos(s) esportivo(s) no município executado(s) por ou com participação da prefeitura nos últimos 24 meses
1572;Existência de instalações esportivas municipais
1574;Elaboração de calendário de eventos esportivos
1575;Tipo de instalação esportiva municipal
1576;Área de formação do titular do órgão gestor na área de saúde
1577;Responsabilidade da gestão do fundo municipal de saúde
1578;Realização de Conferência Municipal de Saúde
1581;Participação em algum Colegiado de Gestão Regional da Saúde
1582;Ano de elaboração do último plano
1583;Inclusão de ações previstas na Política Nacional de Saúde Integral da População Negra no plano
1584;Inserção dos tópicos específicos nos cursos e processos de formação do pessoal ocupado na área da saúde
1585;Existência de instância específica para conduzir, coordenar e monitorar as ações de saúde voltadas para a população negra
1586;Existência de estabelecimento de saúde de responsabilidade da gestão municipal
1587;Existência de algum estabelecimento de saúde de gestão municipal administrado por terceiros
1588;Número de estabelecimentos de saúde
1589;Existência de Programa de Agentes Comunitários de Saúde
159;O escolar já recebeu na escola orientação sobre prevenção de gravidez
1591;Existência de Programa de Saúde da Família, com ou sem atendimento odontológico básico, ou de estrutura similar
1593;Faixa de pessoal ocupado no Programa de Saúde da Família ou similar
1594;Existencia de equipe atendendo a grupos específicos
1595;Existência de registro das vacinas aplicadas na Caderneta de Saúde da Criança distribuída pelo Ministério da Saúde
1596;Fornecimento da Caderneta de Saúde da Criança para ser distribuída nos estabelecimentos privados de saúde (fora da rede do SUS) que realizam parto e/ou imunização
1597;Tipo de divórcio
1598;Natureza da união conjugal
16;Tipo de agricultor não familiar
160;Utilidades existentes
1608;Existência de modelo próprio de caderneta ou cartão de registro de vacina fornecido ao usuário
1609;Existência de política, programa ou ações na área de saúde
161;Tipo de propriedade da empresa
1610;Existência de programa de Planejamento Familiar ou Reprodutivo
1611;Implantação/colocação do DIU nos serviços de saúde de Atenção Básica
1612;Instalação sanitária
1613;Existência de programas ou ações na área de saúde voltados para grupos populacionais específicos
1614;Referenciamento para outro município para realização de exames de pacientes da Atenção Básica
1615;Referenciamento para outro município internações de pacientes da Atenção Básica
1616;Encaminhamento de pacientes referenciados pela Atenção Básica
1617;Situação do trabalho infantil
1619;Disponibilidade de serviço de atendimento de emergência (Risco de Vida 24 Horas)
162;Produtos
1623;Existência de serviço de nefrologia em estabelecimento público ou conveniado com o SUS
1624;Existência de leitos/berços de unidade de terapia intensiva neonatal em estabelecimento público ou conveniado com o SUS
1625;Existência de leitos/berços de cuidados intermediários em estabelecimento público ou conveniado com o SUS
1626;Existência de hospitais de ensino e pesquisa credenciados pelos Ministérios da Saúde e da Educação para atendimento à saúde, participando da formação de estudante de graduação e pós-graduação
1628;Existência de instituição de responsabilidade da saúde, pública ou conveniada ao SUS, que faça atendimento específico ao usuário de drogas ilícitas
163;Tipo de atividade do estabelecimento
1630;Existência de estabelecimentos de saúde públicos ou conveniados ao SUS que realizaran parto hospitalar
1634;Grupo de horas efetivamente dedicadas aos afazeres domésticos ou cuidados de pessoas
1635;Tipos de atividades realizadas
1643;Existência de Centro de Parto Normal
1645;Existência de Casa da Gestante
1647;Realização de busca ativa dos casos de nascidos vivos não registrados, no intuito de promover o registro civil de nascimento
1649;Realização de serviços de vigilância em saúde
165;O escolar já recebeu na escola orientação sobre Aids ou outras doenças sexualmente transmissíveis (DSTs)
1653;Lista TIP
1657;Trabalho por meio de plataforma digital de serviço ou comércio no trabalho principal
1658;Trabalho por meio de plataforma digital de serviço no trabalho principal
166;Tipo de unidade armazenadora
1661;Tipo de plataforma de serviço utilizada no trabalho principal
1667;Existência de local (público ou privado) com condições de realizar testes PCR ou sorológicos em pacientes suspeitos de COVID-19
1668;Necessidade de referenciar o(s) paciente(s) para outro município
167;O escolar já recebeu na escola orientação sobre como conseguir preservativo gratuitamente
1670;Utilização de plataforma de comércio eletrônico para vender produtos no trabalho principal
1672;Existência de legislação
1674;Instrumentos de Planejamento
1675;Realização de trabalho remoto e teletrabalho
1676;Realização de teletrabalho
1677;Realização de trabalho, trabalho remoto e teletrabalho no domicílio
1678;Frequência do trabalho no domicílio
1679;Existência de computador e acesso à Internet no domicílio
168;Nos últimos 30 dias, em quantos o escolar deixou de ir à escola por não se sentir seguro no caminho de ida ou de volta
1680;Realização de teletrabalho no domicílio
1681;Frequência do teletrabalho no domicílio
1682;Grupo de horas efetivamente trabalhadas na semana de referência em todos os trabalhos e dedicadas às atividades de produção para o próprio consumo
169;Nos últimos 30 dias, em quantos o escolar deixou de ir à escola por não se sentir seguro na escola
17;Origem do leite recebido
170;Nos últimos 30 dias, quantas vezes o escolar foi agredido fisicamente por um adulto da família dele
1700;Realização de teletrabalho fora do domicílio
1702;Recepção de sinal de televisão aberta
1704;Existência de dispositivo inteligente no domicílio
1706;Acesso a serviço pago de streaming de vídeo
1708;Acesso a canais de televisão
1709;Pais de nascimento
171;Nos últimos 30 dias, o escolar esteve envolvido em alguma briga em que alguém foi fisicamente agredido
1710;Existência de rádio no domicílio
1711;Tipos de administração dos estabelecimentos de saúde
1714;Quesito de declaração indígena
1719;Ano de filiação do microempreendedor individual (MEI)
1724;Indicativo de microempreendedor individual (MEI) com empregado
1726;Indicativo de microempreendedor individual (MEI) com endereço na residência
1727;Nacionalidade/país de origem
1728;Indicativo de vínculo prévio e interstício até a filiação do microempreendedor individual (MEI)
1738;Faixas de anos de experiência prévia no mercado formal de trabalho
1739;Tipo de vínculo prévio no mercado formal de trabalho
174;Tipo de família
1742;Indicativo/causa de desligamento
175;Cor ou raça dos chefes das famílias
1756;Indicativo de microempreendedor individual (MEI) com vínculo formal prévio na mesma classe CNAE
176;Classes de rendimento nominal médio mensal familiar
1760;Abertura do microempreendedor individual (MEI)
1761;Classes de atividades (CNAE 2.0)
1762;Classificação Brasileira de Ocupações (CBO)
177;Classes de rendimento nominal médio mensal familiar per capita
1776;Nível na instituição pública
1777;Vacinação contra a COVID-19
178;Tipo de composição familiar
179;Classes de rendimento nominal médio mensal dos chefes das famílias
18;Tipo de rebanho bovino
180;Classes de rendimento real médio mensal familiar
1801;Tomou todas as doses de vacina contra a COVID-19 recomendadas
1804;Principal motivo de não ter tomado todas as doses de vacina recomendadas
1805;Principal motivo de não ter tomado a vacina
1806;Número de vezes que teve COVID-19
1807;Número de vezes que considera que teve COVID-19
1808;Manifestação de sintomas na primeira vez que teve a doença
181;Tipo de parede
1811;Número de doses de vacina já tomadas quando teve a doença pela primeira vez
1812;Manifestação de sintomas na última vez que teve a doença
1814;Permanência de algum sintoma após 30 dias do início da doença ou surgimento de sintoma após esse período
1815;Sintoma apresentado
1817;Existência de canalização de água
182;Tipo de cobertura
1820;Realização de atividade econômica
1821;Existência de ligação à rede geral de distribuição de água e principal forma de abastecimento de água
1822;Manifestação de sintomas e ocorrência de internação na primeira vez que teve a doença
1824;Existência de moradores menores de 5 anos
1825;Existência de moradores com 60 anos ou mais
1827;Existência de moradores menores de 18 anos
1828;Cor ou raça do responsável pelo domicílio
1829;Nível de instrução do responsável pelo domicílio
183;Lugar de nascimento
1830;Posição na ocupação e categoria do emprego no trabalho principal do responsável pelo domicílio
1832;Fundamento da separação
1834;Número de vezes que teve ou considera que teve COVID-19
1835;Finalidade da produção
1836;Natureza do óbito
1838;Condição de estudante, rede de ensino e curso frequentado
184;Naturalidade em relação ao município
1842;Recebimento de dinheiro do Programa Bolsa Família
1843;Realização de atividade econômica ou produção para o próprio consumo
186;Cor ou raça dos cônjuges dos chefes das famílias
1871;Definição do gasto com com saúde
1872;Sexo da pessoa de referência
1875;Situação na proxy de informalidade no trabalho principal
1876;Forma de aquisição
1879;Presença no CADÚnico
1881;Cor ou raça da pessoa de referência
1885;Presença de cônjuge da pessoa responsável pelo domicílio
1887;Presença de cônjuge da pessoa responsável e filhos da pessoa responsável ou do cônjuge
1897;Tipo de investimento
19;Suínos
1905;Tipo de receita
191;Combustível usado para cozinhar
192;Classes de aluguel nominal mensal domiciliar
193;Tipo de produto extrativo
1933;Ano
194;Tipo de produto da silvicultura
1965;Tempo de procura de trabalho
197;Número de famílias
1973;Número de banheiros de uso exclusivo do domicílio
1975;Número de moradores por cômodos utilizados como dormitório
1977;Presença de máquina de lavar roupas
198;Classes de recebimento mensal domiciliar
1986;Número de moradores com 15 anos ou mais de idade
1988;Número de moradores com 14 anos ou menos de idade
199;Número de cartões de crédito
2;Sexo
20;Equídeos
200;Número de cheques especiais
201;Classes de recebimento mensal familiar
202;Classes de recebimento mensal
2032;Pertencimento étnico indígena da pessoa responsável pelo domicílio
2033;Total de cônjuges da pessoa responsável pelo domicílio
2037;Forma principal de abastecimento de água e existência de canalização no domicílio
204;Frequência à escola
2044;Tipos de domicílios e presença de morador com deficiência
206;Número de pessoas.
2072;Existência de conexão domiciliar à Internet
2075;Classes de hierarquia urbana
2082;Áreas gerais, específicas e detalhadas de formação do curso superior de graduação que concluiu
2083;Lugar de residência 5 anos antes da data de referência
2084;País de residência 5 anos antes da data de referência
2085;Pertencimento étnico quilombola da pessoa responsável pelo domicílio
2086;Cinturão bioclimático
2089;Atividades da indústria
2097;Categorias da Unidade de Conservação
2098;Grupos da Unidade de Conservação
210;Tipo de despesa
2100;Biomas e Classes de Cobertura e Uso da Terra
2101;Modo de produção
212;Classificação das despesas
213;Locais de compra
214;Origem do recebimento
215;Grupos de produtos
216;Grupos e subgrupos de produtos
217;Grupos, subgrupos e produtos
218;Condição do produtor em relação às terras
219;Grupo de atividade econômica
22;Aves
220;Grupos de área total
221;Condição legal das terras
222;Utilização das terras
223;Faixas de idade
224;Espécie de rebanho da pecuária
225;Finalidade do rebanho bovino
226;Produtos da lavoura temporária
227;Produtos da lavoura permanente
228;Produtos da horticultura
229;Produtos da extração vegetal
23;Outros animais de criação
230;Produtos da silvicultura
231;Espécies da silvicultura
232;Ano de nascimento
234;Lugar de residência da mãe
2344;Doses de vacinas
235;Mês do nascimento
236;Mês do registro
237;Local do nascimento
2377;Dependência administrativa do estabelecimento
238;Número de nascidos por parto
239;Grupos de idade da mãe na ocasião do parto
2399;Posição na ocupação
24;Tipo de índice
240;Idade da mãe na ocasião do parto
241;Lugar de nascimento do pai
242;Lugar de nascimento da mãe
243;Lugar de nascimento e residência da mãe
244;Mês de ocorrência
245;Grupo de idade do homem
246;Grupo de idade da mulher
247;Estado civil do homem
248;Estado civil da mulher
249;Nacionalidade do homem
25;Indicadores especiais
250;Nacionalidade da mulher
251;Idade do homem
2511;Tipo de outras receitas
252;Idade das mulheres
253;Lugar de nascimento do homem
254;Lugar de nascimento da mulher
255;Ano de ocorrência
2555;Esfera administrativa
256;Existência de coleta seletiva
257;Local de ocorrência
258;Lugar de residência do(a) falecido(a)
259;Grupos de idade da pessoa falecida
26;Países de destino
260;Idade do(a) falecido(a)
261;Duração da gestação em semanas
2613;Iluminação elétrica
262;Natureza da ação
264;Natureza da ação não consensual
2646;Natureza dos serviços
265;Requerente
266;Tipo de cônjuge
2661;Localização do domicílio
267;Grupos de idade dos cônjuges na data da abertura do processo
268;Sentença proferida
269;Regime de bens do casamento
27;Tipo de mão-de-obra
270;Tipo da família
2703;Natureza jurídica
271;Número de filhos
272;Número filhos
273;Responsável pela guarda dos filhos menores de idade
274;Grupos de idade do marido na data da sentença
275;Grupos de idade da mulher na data da sentença
276;Tempo transcorrido entre as datas do casamento e da sentença
277;Grupos de idade dos cônjuges na data da sentença
278;Tipo do processo
279;Natureza do processo
28;Percentual de ruas pavimentadas exclusivamente com drenagem superficial
280;Condição na ocupação
281;Sexo do responsável pela família
282;Grupos de idade do chefe da família
283;Nível de instrução do chefe da família
284;Origem do recebimento do chefe da família
2848;Setor institucional
285;Grupos de renda monetária dos estabelecimentos agropecuários
286;Forma de declaração da idade
287;Idade
288;Unidade da federação de residência anterior
289;Origem do movimento migratório
29;Características tecnológicas e/associativas
290;Frequência à escola, grau e série
291;Grau
292;Relação com o chefe do domicílio
293;Sexo do responsável pelo domicílio
294;Anos de estudo do chefe da família
2942;Tipo de cultivo
297;Existência e tipo de registro de nascimento
299;Existência de banheiro ou sanitário e esgotamento sanitário
3;Espécie
30;Escolaridade da mãe
300;Existência e número de banheiros de uso exclusivo do domicílio
301;Principal forma de abastecimento de água
3014;Lugar de residência anterior
302;Nacionalidade
303;Unidade da federação de nascimento
304;Grupos de anos em que fixaram residência no país
305;Tempo ininterrupto de residência no município
306;Situação do domicílio de residência em 01.09.1986
307;Situação do domicílio no município de residência anterior
308;Tempo ininterrupto de residência na unidade da federação
309;Existência de energia elétrica
31;Mora com a mãe
310;Lugar do município de residência em 01.09.1986
312;Lugar do município de residência anterior
313;Grupos e tipos de despesa
314;Tipo de projeto
315;Geral, grupo, subgrupo, item e subitem
317;Existência de compartilhamento da responsabilidade pelo domicílio com a pessoa responsável
318;Classes de comércio
319;Faixas de pessoal ocupado
32;Mora com o pai
320;Gêneros de comércio
321;Sexo da pessoa falecida
322;Mês e ano de ocorrência do falecimento
324;Tronco linguístico, família linguística, etnia ou povo
3244;Grupos de cabeças de bovinos
338;Material predominante nas paredes
339;Classes de rendimento total e variação patrimonial mensal familiar
340;Localização do dispositivo coletivo de detenção ou amortecimento de vazão de águas pluviais urbanas
341;Uso de inseminação artificial
342;Faz transferência de embriões
343;Uso de ordenha mecânica
344;Condição de atendimento
345;Tempo transcorrido entre a data do casamento e a data da sentença ou da escritura
346;Direção dos trabalhos do estabelecimento agropecuário
348;Tipo de tratamento de esgoto
350;Existência e tipo de uso a jusante do corpo receptor do esgoto
352;Tipo de caminhão
353;Aplicação dos recursos provenientes da coleta seletiva
354;Forma de disposição no solo
355;Tipo de processamento
357;Existência de coleta domiciliar regular de resíduos sólidos em área de difícil acesso
358;Classes de atividades e descrição de produtos da construção
360;Áreas em que ocorreram inundações e/ou alagamentos
362;Produtos e/ou serviços prestados em tecnologia da informação
363;Faixas de valor de receita
364;Diversificação de produtos
365;Segmentos de atuação
367;Percentis das medidas antropométricas de crianças e adolecentes com atá 19 anos de idade
368;Classes de rendimento monetário e não monetário mensal familiar per capita
369;Tipo de evento da empresa
370;Faixas de pessoal ocupado assalariado
3704;Condição de presença
371;Tipo de evento da unidade local
375;Nível de instrução da mãe
385;Condição de indígena
386;Classes de rendimento nominal mensal domiciliar per capita
387;Situação do domicílio, com indicação da população urbana residente na sede municipal
388;Naturalidade em relação à unidade da federação
39;Tipo de índice(SINAPI)
394;Grupos de alimentos e alimentos
398;Classes simples de percentual em ordem crescente de rendimento dos domicílios particulares permanentes
399;Classes acumuladas de percentual em ordem crescente de rendimento dos domicílios particulares permanentes
4;Setor de atividade
40;Tipo de projeto (até 31/12/1998)
400;Classes simples de percentual em ordem crescente de rendimento per capita dos domicílios particulares permanentes
401;Classes acumuladas de percentual em ordem crescente de rendimento per capita dos domicílios particulares permanentes
405;Indústrias de transformação e atividades (CNAE 2.0)
41;Padrão de acabamento
416;Cadastramento em unidade de saúde da família
419;Produtos e/ou serviços prestados em publicidade e promoção
42;Materiais e serviços
420;Grupos de idade das pessoas ao falecerem
421;Existência de medidor do consumo de energia elétrica
422;Utilização da internet no período de referência dos últimos três meses
424;Finalidade do acesso à internet
425;Motivo de não terem utilizado a internet
426;Condição de estudante
427;Posse de telefone móvel celular para uso pessoal
43;Categorias profissionais
435;Tipo de empresa de publicidade e promoção
44;Existência de empregado doméstico 5 dias ou mais por semana na casa
440;Idade média da agência de publicidade
442;Característica da agência de publicidade
443;Tipo de campanha da agência de publicidade
445;Segmento de atuação da agência de publicidade
450;Tipo de bem roubado no último roubo
452;Tipo de bem furtado no último furto
454;Grupos taxonômicos, hábito ou forma de vida
455;Condição no domicílio e o compartilhamento da responsabilidade pelo domicílio
456;Grandes Regiões e Unidades da Federação das pessoas com quem residiram antes de emigrarem
457;Continentes e países estrangeiros de destino
458;Existência de banheiro ou sanitário e número de banheiros de uso exclusivo do domicílio
460;Espécie de unidade doméstica
462;Situação do domicílio da pessoa falecida
463;Classes de atividades industriais e produtos
464;Estado conjugal
465;Frequência à escola ou creche e rede de ensino que frequentavam
467;Existência de características do entorno
468;Local da escola ou creche que frequentavam
469;Local de exercício do trabalho principal
471;Existência de água canalizada e forma de abastecimento
472;Classes de módulo fiscal
4754;Tipos de tarefa
48;Produto das lavouras
482;Etapa de implantação da Agenda 21 Local
483;Frequência das reuniões do Fórum da Agenda 21 Local
49;Ano da safra
490;Tempo habitual de deslocamento para o trabalho
4908;Origem dos rendimentos
491;Existência ou não de pelo menos uma das deficiências investigadas
4917;Anos de estudo
492;Categorias dos estabelecimentos de hospedagem
493;Tipos de estabelecimentos de hospedagem
494;Grupos de unidades habitacionais
495;Tipos de unidades habitacionais
496;Características dos hotéis
498;Condição de falar português no domicílio
499;Condição de falar língua indígena no domicílio
50;Destino do leite resfriado ou não
501;Condição de falar língua indígena no domicílio, tronco e família linguística da primeira língua indígena
505;Condição de falar língua indígena no domicílio e tronco, família linguística, língua indígena de classificação e língua indígena de identificação
507;País de residência anterior
508;Lugar de residência em 31/07/2005
509;País de residência em 31/07/2005
51;Destino do leite pasteurizado
510;Classificação das fundações privadas e associações sem fins lucrativos
511;Classes de aluguel nominal mensal
512;Nível de instrução da pessoa responsável pela família
513;Existência de rendimento
514;Classes de rendimento nominal mensal familiar per capita das famílias com responsável e cônjuge ou companheiro(a)
515;Número de filhos menores de 10 anos ou não economicamente ativos
517;Conclusão de outro curso superior de graduação
518;Nível de instrução mais elevado concluído
519;Áreas gerais, específicas e detalhadas de formação do curso de nível mais elevado concluído
520;Frequência à escola ou creche e curso e série que frequentavam
521;Condição de contribuição para instituto de previdência oficial em qualquer trabalho
526;Condição de contribuição para instituto de previdência oficial no trabalho principal
527;Condição de aposentada ou pensionista de instituto de previdência oficial no mês de referência
535;Seção de atividade (antiga classificação) do trabalho principal
536;Condição de contribuição para instituto de previdência oficial no trabalho principal e em qualquer trabalho
537;Tempo habitual de deslocamento do domicílio para o trabalho principal
538;Frequência à escola e local da escola
539;Situação de ocupação na semana de referência e local de exercício do trabalho principal
540;Classes de rendimento monetário mensal familiar
541;Origem do rendimento
542;Grupos e classes industriais
543;Grandes categorias econômicas
544;Seções e atividades industriais (CNAE 2.0)
556;Dependência administrativa da escola
557;Nível de instrução do pai
558;Classe de números de residentes no domicílio
559;Condição de possuir algum trabalho ou emprego ou negócio e receber dinheiro por desempenhar esta atividade
560;Bens e serviços que possui no domicílio
561;Condição de morar com mãe e/ou pai
562;Tempo acumulado de atividade física nos 7 dias anteriores à pesquisa
563;Frequência de aulas de educação física na escola nos 7 dias anteriores à pesquisa
564;Condição do alimento quanto à saúde e alimento consumido
565;Frequência de consumo alimentar
566;Frequencia de uso de drogas
567;Frequência de uso de maconha
568;Frequência de uso de crack
569;Frequência com que os colegas da escola os trataram bem e/ou foram prestativos com eles
570;Frequência com que se sentiram humilhados pelas provocações de colegas de escola
571;Local da falta de segurança
572;Frequência de ida ao dentista
573;Autopercepção da imagem corporal
574;Atitude em relação ao próprio peso corporal
575;Estado nutricional definido pelo índice de massa corporal (IMC)
577;Condição da população em relação a idade
58;Grupo de idade
581;Conclusão do curso que o cônjuge do produtor frequentou
582;Grupos de idade e nível de ensino
583;Características topográficas predominantes
584;Características e localização predominantes do sítio urbano
585;Classes de predominância de arruamento regular
586;Classes de predominância dos lotes de tamanho e forma regular
587;Tipo de via de circulação interna predominante
588;Acessibilidade possível na maior parte das vias internas
589;Número de pavimentos predominante nas construções
59;Alfabetização
590;Espaçamento predominante entre as construções
592;Tipo de Fundação Privada e Associação sem Fins Lucrativos
593;Bioma
594;Tipo de articulação interinstitucional entre o município e os entes federativos
596;Local da escola que frequentavam
6;Forma de mão-de-obra
60;Localização
601;Tipo de instalação
604;Tipo de medida de subutilização da força de trabalho na semana de referência
61;Forma de abastecimento de água
616;Principal motivo de saúde
618;Tipo de tratamento de saúde
623;Grau de dificuldade
627;Principal motivo de não ter feito a cirurgia de catarata
628;Principal motivo por não ter tomado a vacina contra gripe
629;Condição em relação à força de trabalho e condição de ocupação
63;Condição de ocupação do domicílio
637;Classificação de médio produtor
64;Número de cômodos servindo de dormitório
65;Número de cômodos
652;Faixas de rendimento mensal domiciliar per capita
653;Condição em relação à força de trabalho na semana de referência
654;Tipo de produto da aquicultura
66;Número de banheiros
664;Estado civil do primeiro cônjuge
665;Estado civil do segundo cônjuge
666;Grupo de idade do primeiro cônjuge
667;Grupo de idade do segundo cônjuge
668;Tipo de doença crônica
669;Local do último atendimento médico
67;Destino do lixo
670;Recomendação médica
671;Tipo de complicação da saúde por causa do diabetes
672;Tempo de diagnóstico
673;Tipo de câncer
674;Motivo de não ir ao médico regularmente por causa da depressão
675;Condição de estudante e rede de ensino
676;Nacionalidade do primeiro cônjuge
677;Nacionalidade do segundo cônjuge
678;Lugar de nascimento do primeiro cônjuge
679;Lugar de nascimento do segundo cônjuge
68;Número de moradores
680;Equipamento utilizado para acessar a Internet
681;Acesso à televisão por assinatura
682;Recepção de sinal de televisão por antena parabólica
683;Recepção de sinal digital de televisão aberta
684;Número de televisões
685;Motivo de discriminação
686;Existência de tablet no domicílio
687;Existência de microcomputador ou tablet no domicílio
688;Existência de utilização da Internet no domicílio
689;Utilização de microcomputador ou telefone móvel celular para acessar a Internet no domicílio
69;Classes de rendimento nominal médio mensal do chefe do domicílio
691;Tipo de conexão à Internet no domicílio
692;Existência de conexão à Internet por banda larga no domicílio
694;Grupamento ocupacional no trabalho principal - PNADC
695;Local de procura de atendimento de saúde
696;Atividades da indústria, do setor de eletricidade e gás e dos serviços selecionados
699;Principal responsável pelo desenvolvimento de produto e/ou processo nas empresas que implementaram inovações
7;Classes de indústrias
70;Grupos de idade a partir dos 10 anos
700;Atividades inovativas
701;Grau de importância
702;Impacto das inovações de produto e/ou processo
703;Principal motivo de nunca ter feito o exame preventivo para câncer de colo de útero
704;Motivo da retirada do útero
705;Principal motivo de não evitar a gravidez
706;Método contraceptivo utilizado
708;Tipo de Livro do Tombo
709;Tema tratado nos Atos Multilaterais
71;Grupos de anos de estudo
710;Período de ratificação dos Atos Multilaterais
711;Grau de novidade do principal produto e/ou principal processo nas empresas que implementaram inovações
712;Tipo de sobreposição entre unidades de conservação
713;Tipo de uso da unidade de conservação
714;Fontes de informação empregadas
715;Indústria geral, indústrias extrativas, indústrias de transformação e atividades (CNAE 2.0)
716;Classe de uso de agrotóxicos e afins
717;Classe de periculosidade ambiental
7173;Esgotamento sanitário
718;Classes das atividades industriais e produtos - Prodlist 2013
719;Número de consultas de pré-natal
72;Geral, grupos, subgrupos, itens e subitens
720;Local de atendimento da maioria das consultas de pré-natal
721;Pessoa que realizou o último parto
722;Motivo de ter tido parto cesáreo
723;Local de consulta médica ou de enfermagem
724;Local de acompanhamento do crescimento e desenvolvimento das crianças
725;Localização da fonte de informação
726;Categoria de parceiro
727;Localização do principal parceiro
728;Objeto de cooperação
729;Tipo de programa de apoio do governo
73;Geral, grupo, subgrupo, item e subitem - IRSM
730;Razões da não implementação de inovações
731;Fatores que prejudicaram as atividades inovativas
732;Inovações organizacionais e de marketing implementadas
733;Uso da biotecnologia e da nanotecnologia
734;Espécie florestal
735;Grupos de idade do marido na data da abertura do processo
736;Grupos de idade da mulher na data da abertura do processo
737;Número de filhos menores de idade
74;Número de dormitórios
740;Expectativa do escolar quanto ao nível de escolaridade que alcançará
741;Expectativa/pretensão do escolar após a conclusão do curso/ciclo de estudos em que se encontra
746;Frequência de dias em que fez atividade física por 60 minutos ou mais nos 7 dias anteriores à pesquisa
747;Predisposição para prática de atividade física durante a semana, caso tenha oportunidade
748;Caráter das atividades internas
75;Nível - 100
752;Motivo/causa da humilhação sofrida pelo escolar
753;Número de parceiros sexuais do escolar
755;Tipo de ferimento ou lesão
758;Grau de importância atribuído à própria imagem corporal
759;Sentimento em relação ao próprio corpo
76;Insumos típicos da construção civil
760;Autoavaliação do estado de saúde
761;Tipo de serviço de saúde procurado com mais frequência
762;Situação da tentativa de atendimento em Unidade Básica de Saúde
763;Principal motivo da procura a uma Unidade Básica de Saúde
764;Ano/série em que estuda o escolar
765;Frequência de consumo de alimentos em restaurantes fast-food, nos 7 dias anteriores à pesquisa
766;Frequência de consumo de feijão, nos 7 dias anteriores à pesquisa
767;Frequência de consumo de legumes e/ou verduras, nos 7 dias anteriores à pesquisa
768;Frequência de consumo de frutas frescas, nos 7 dias anteriores à pesquisa
769;Frequência de consumo de salgados fritos, nos 7 dias anteriores à pesquisa
77;Número de dias em que comeu feijão nos últimos 7 dias
770;Frequência de consumo de guloseimas, nos 7 dias anteriores à pesquisa
771;Frequência de consumo de refrigerante, nos 7 dias anteriores à pesquisa
772;Frequência de consumo de alimentos industrializados ou ultraprocessados salgados, nos 7 dias anteriores à pesquisa
776;Modo como o escolar conseguiu cigarro nos 30 dias anteriores à pesquisa
777;Modo como o escolar conseguiu bebida alcoólica nos 30 dias anteriores à pesquisa
78;Número de dias em que comeu salada crua nos últimos 7 dias
780;Grupo de horas efetivamente trabalhadas na semana de referência em todos os trabalhos
782;Produto das lavouras temporárias e permanentes
783;Existência de alguma política, norma ou regra escrita de proibição de bullying na escola
784;Ocorrência da prática de bullying pelo escolar
785;Número de domicílios em que trabalhavam
786;Tipo de contratação
787;Associação a cooperativa de trabalho ou produção
788;Registro do empreendimento no CNPJ
789;Turno no trabalho
79;Tipo de rebanho
790;Tamanho do empreendimento
792;Atividades da indústria e dos serviços selecionados
793;Mudanças estratégicas e organizacionais implementadas
794;Características dos estabelecimentos de hospedagem
7940;Finalidade da criação
795;Localização do estabelecimento de hospedagem
796;Tratores, implementos e máquinas existentes no estabelecimento agropecuário
797;Veículos existentes no estabelecimento agropecuário
798;Telefone, e-mail e internet
8;Gêneros da indústria de transformação
80;Tipo de produto de origem animal
800;Escolaridade do produtor
801;Escolaridade do cônjuge do produtor
81;Produto das lavouras temporárias
811;Controle de doenças e/ou parasitas, suplementação alimentar e beneficiamento
812;Infraestrutura das escolas
813;Etapa de ensino
815;Sexo do cônjuge do produtor
816;Classes das atividades industriais e produtos - Prodlist 2016
817;Material predominante na cobertura (telhado)
818;Material predominante no piso
82;Produto das lavouras permanentes
823;Velocidade de ligação
825;Principal fonte de abastecimento de água
826;Disponibilidade da rede geral de distribuição de água
827;Fonte de energia elétrica
828;Combustível utilizado na preparação de alimentos
829;Tipologia
83;Número de dias em que comeu legumes ou verduras cozidos na comida ou sopa (exceto batata e aipim) nos últimos 7 dias
830;Cor ou raça do produtor
832;Cor ou raça do cônjuge do produtor
833;Classe de idade do cônjuge do produtor
834;Finalidade principal da produção agropecuária do estabelecimento
835;Renda obtida com as atividades desenvolvidas no estabelecimento
836;Produtor possui DAP (Declaração de Aptidão ao PRONAF)
837;Forma de obtenção de informações técnicas recebidas pelo estabelecimento
838;Uso de agricultura orgânica ou pecuária orgânica
839;Existência de deficiência
84;Classes de pessoal ocupado
840;Conclusão do curso que o produtor frequentou
841;Receitas do estabelecimento e outras rendas do produtor
842;Indústria geral, indústrias extrativas e indústrias de transformação e atividades (CNAE 2.0)
844;Grupos industriais selecionados
845;Posse de bens
846;Realização de afazeres domésticos
847;Tipo de afazer doméstico
848;Realização de afazeres domésticos ou cuidados de pessoas
849;Realização de tarefas de cuidados de pessoas
85;Atividades
850;Pessoa que recebeu o cuidado
851;Tipo de cuidado
853;Realização de trabalho na produção para o próprio consumo
854;Tipo de produção para próprio consumo
855;Realização de outras formas de trabalho
856;Realização de trabalho voluntário
857;Forma de inserção na atividade voluntária
858;Local do trabalho voluntário
859;Frequência do trabalho voluntário
86;Cor ou raça
87;Número de dias em que bebeu leite (exceto de soja) nos últimos 7 dias
871;Faixa etária ideal por curso frequentado
872;Curso frequentado
873;Tipo de desembolso bruto de ajuda oficial
874;Tipo de ensino superior
875;Rede do ensino médio frequentado
876;Situação de ocupação e condição de estudo
877;Frequência a curso técnico de nível médio
8772;Espécie do domicílio
878;Frequência e conclusão do curso técnico de nível médio ou normal (magistério)
8787;Tipo de televisão
879;Principal motivo de atualmente não frequentar escola ou outro curso
88;Número de dias em que comeu batata frita nos últimos 7 dias
880;Impactos ambientais causados pelas inovações
881;Frequência a curso de educação profissional
882;Frequência a curso de qualificação profissional
883;Conclusão do curso de qualificação profissional
884;Instituição de realização do curso
885;Nível do curso
886;Existência de algum documento que comprove a propriedade do domicílio
887;Categoria do emprego no trabalho principal
888;Grupamento de atividade no trabalho principal
889;Número de viagens realizadas pelos moradores
89;Número de dias em que comeu hamburger, salsicha, mortadela, salame, presunto, nuggets ou linguiça nos últimos 7 dias
890;Tipo de viagem
891;Ocorrência de pernoite
892;Finalidade da viagem
893;Principal motivo de ter deixado ou nunca ter frequentado escola
894;Principal motivo de não frequentar creche ou escola
895;Frequência a curso técnico de nível médio ou normal (magistério)
896;Conclusão do curso técnico de nível médio ou normal (magistério)
897;Idade que deixou de frequentar escola pela última vez
898;Ocorrência de viagem
899;Motivo de nenhum morador ter viajado
9;Categorias de uso
90;Condição de atividade
900;Quantidade de pernoites
902;Quantidade de moradores participantes na viagem
903;Local do exercício do trabalho
904;Principal motivo pessoal para viajar
905;Tipo de lazer
906;Principal motivo profissional para viajar
907;Principal local de hospedagem
908;Principal meio de transporte utilizado
909;Principal Grande Região de destino
91;Número de dias em que comeu salgados fritos nos últimos 7 dias
910;Principal Unidade da Federação de destino
911;Fatores que contribuíram para introdução de inovações ambientais
9117;Tipo de indústria
912;Tipo de cobertura da telefonia móvel
913;Unidade da Federação de origem
914;Classes de cobertura e uso da terra
915;Adição/Redução de estoque
919;Tipo de ambiente
92;Número de dias em que comeu guloseimas nos últimos 7 dias
920;Biomas, mar e ilhas oceânicas
921;Condição de funcionamento do serviço
927;Tipo de água captada
930;Existência e tipo de cobrança
931;Volume do consumo mensal referente à tarifa mínima
932;Manutenção dos reservatórios em operação
933;Atividades econômicas e famílias
934;Tipo de subsídio
935;Forma de financiamento dos subsídios
936;Tipo de critério para a concessão dos subsídios
937;Existência de televisão no domicílio
938;Número de televisões no domicílio
939;Existência de televisão com conversor para receber sinal digital de televisão aberta
941;Motivo de não haver serviço de televisão por assinatura
942;Recepção de sinal analógico de televisão aberta
944;Origem da água recebida
946;Condição de funcionamento da unidade de tratamento
948;Existência de telefone fixo convencional
949;Existência de telefone móvel celular
950;Grupo de idade da mãe
951;Motivo de não haver utilização da Internet no domicílio
952;Tipo de tratamento da água
953;Etapas do tratamento de água
954;Geração de lodo no processo de tratamento
955;Funcionamento de serviço de rede móvel celular para telefonia ou Internet no domicílio
956;Grande grupamento e seções da classificação de atividade econômica (CNAE 2.0)
957;Acesso à Internet por telefone móvel celular para uso pessoal
958;Motivo de não terem telefone móvel celular para uso pessoal
960;Processos de tratamento biológico do esgoto
961;Existência e tipo de tratamento complementar por desinfecção
963;Destino dos resíduos sólidos removidos no tratamento preliminar de esgoto
964;Duração do maior período de interrupção
965;Tipo de análise do efluente das ETEs
966;Existência e etapas do tratamento do lodo
967;Destino do lodo gerado nas ETEs
968;Existência e tipo de solução alternativa
969;Existência e tipo de meio de comunicação
970;Duração do maior período de racionamento
971;Biomas e Sistema Costeiro-Marinho
972;Existência e tipo de projeto de educação ambiental
973;Existência e mês de racionamento sazonal
974;Existência de televisão e tipo de televisão
976;Destino do esgoto ou efluente enviado
977;Tipo de emissário subaquático
978;Forma de cálculo da tarifa
979;Existência e tipo de diferentes critérios para determinação da tarifa
98;Costuma fazer refeições com a mãe ou com o responsável
9831;Tipo da união
9832;Estado civil
987;Ocorrência e duração de interrupção da fluoretação no ano de referência
988;Tipos de ligações ou economias
99;Costuma comer quando está assistindo TV ou estudando
990;Motivo das perdas de faturamento
991;Existência e programas ou ações de controle de perdas de faturamento da água distribuída
992;Motivos da interrupção / racionamento
996;Motivo(s) do extravasamento
997;Destino do esgoto extravasado
999;Forma de medição ou estimação
